categorie,nom,domaine,nombre_avis,note_trustscore,lien
electronics_technology,Flashbay,Promotional Item Store,18698,5.0,www.flashbay.com
electronics_technology,SellLocked.com,Electronics Store,2298,5.0,selllocked.com
electronics_technology,ArmadaBoost | Gaming Marketplace,Computer Accessories Store,1983,5.0,armadaboost.com
electronics_technology,Bloom Audio,Hi-fi shop,1709,5.0,bloomaudio.com
electronics_technology,ScalaHosting,DNS Provider,1546,5.0,www.scalahosting.com
electronics_technology,DamnModz,Game Store,1360,5.0,damnmodz.com
electronics_technology,GoRoostr,Computer Accessories Store,918,5.0,goroostr.com
electronics_technology,KB3D LLC,Electronic Spare Parts and Components Store,593,5.0,kb-3d.com
electronics_technology,Big Sky Recycling,Cell Phone Recycling and Unlocking Service,320,5.0,bigskyrecycling.com
electronics_technology,B&H Photo-Video,Electronics Store,307661,4.9,www.bhphotovideo.com
electronics_technology,IGGM,Game Store,31087,4.9,iggm.com
electronics_technology,Swappa,Computer Store,27580,4.9,swappa.com
electronics_technology,Softwarekeep,Software Company,6840,4.9,softwarekeep.com
electronics_technology,Poecurrency,Video Game Rental Service,5750,4.9,poecurrency.com
electronics_technology,Campbell Miller Tools,Tool Store,5568,4.9,campbellmillertools.co.uk
electronics_technology,ACityDiscount,Grill Store,4726,4.9,www.acitydiscount.com
electronics_technology,StudentDiscounts.com,Software Company,3556,4.9,studentdiscounts.com
electronics_technology,Headphones.com,Hi-fi shop,3396,4.9,www.headphones.com
electronics_technology,macs4u.com,Computer Store,3211,4.9,www.macs4u.com
electronics_technology,ASAP Utilities,Computer Accessories Store,2836,4.9,asap-utilities.com
electronics_technology,Tech Center Plus,Computer Support and Service Company,2199,4.9,techcenterplus.com
electronics_technology,Setmore,Business to Business Service,2144,4.9,setmore.com
electronics_technology,TrickyPhotoshop,Photography Service,1950,4.9,tricky-photoshop.com
electronics_technology,TadiBrothers,Horse Transport Supplier,1913,4.9,www.tadibrothers.com
electronics_technology,"TherapyNotes, LLC",Software Company,1886,4.9,therapynotes.com
electronics_technology,Marcaria.com,Web Hosting Company,1745,4.9,marcaria.com
electronics_technology,Turtle Beach,Gaming service Provider,1642,4.9,www.turtlebeach.com
electronics_technology,Optimus Tracker,Electronics Store,1482,4.9,optimustracker.com
electronics_technology,USB Memory Direct,Promotional Item Store,1388,4.9,www.usbmemorydirect.com
electronics_technology,SMTP2GO,Email Service Provider,1360,4.9,www.smtp2go.com
electronics_technology,Humblefax,Internet Service Provider,1261,4.9,humblefax.com
electronics_technology,Redragonshop,Computer Accessories Store,1260,4.9,www.redragonshop.com
electronics_technology,DriveSolutions.com,Drives and Storage Service,1141,4.9,www.drivesolutions.com
electronics_technology,WordPress Hosting and 24/7 Support WP FIX IT,Web designer,1094,4.9,wpfixit.com
electronics_technology,Aperion Audio,Electronics Store,956,4.9,aperionaudio.com
electronics_technology,MotionVFX,Software Company,786,4.9,www.motionvfx.com
electronics_technology,Jersey Watch,Business to Business Service,771,4.9,jerseywatch.com
electronics_technology,QR Code KIT,Web Collaboration Platform,765,4.9,qrcodekit.com
electronics_technology,Encore Data Products,Electronics Company,758,4.9,encoredataproducts.com
electronics_technology,Vaporbrothers,Aromatherapy Supply Store,735,4.9,vaporbrothers.com
electronics_technology,RK ROYAL KLUDGE,Computer Accessories Store,602,4.9,rkgamingstore.com
electronics_technology,CashForYourMac,Computer Service,582,4.9,cashforyourmac.com
electronics_technology,BuyOnTrust,Bags and Luggage Store,561,4.9,buyontrust.com
electronics_technology,Acratech,Photo Shop,368,4.9,acratech.net
electronics_technology,ESTAGE,Software Company,350,4.9,estage.com
electronics_technology,Specialty Answering Service,Telecommunications Service Provider,310,4.9,specialtyansweringservice.net
electronics_technology,CoConstruct | Construction Management Software,Custom Home Builder,302,4.9,www.coconstruct.com
electronics_technology,Sell That Cell,Cell Phone Recycling and Unlocking Service,265,4.9,sellthatcell.com
electronics_technology,Quality Macs,Computer Store,248,4.9,qualitymacs.com
electronics_technology,ValeryTrading,Software Company,167,4.9,valerytrading.com
electronics_technology,MDDHosting,Web Hosting Company,165,4.9,mddhosting.com
electronics_technology,Superco 皇都電器,Mattress Store,164,4.9,superco.com
electronics_technology,Notary Geek,Computer Support and Service Company,158,4.9,notarygeek.net
electronics_technology,Steady Stack,Software Company,141,4.9,www.steadystacksystem.com
electronics_technology,First Choice Buying,Electronics Store,120,4.9,firstchoicebuying.com
electronics_technology,Cpid Server,Cell Phone Unlocking Service,119,4.9,cpidserver.com
electronics_technology,Shopwithhustle,"Flavours, Fragrances and Aroma Supplier",93,4.9,shopwithhustle.com
electronics_technology,MediaServe LLC,Email Service Provider,83,4.9,mediaserve.com
electronics_technology,Admin Columns,Software Company,77,4.9,admincolumns.com
electronics_technology,WowVendor,Video Game Store,27244,4.8,wowvendor.com
electronics_technology,Gamers-Outlet.net - CD Keys,Software Vendor,19863,4.8,www.gamers-outlet.net
electronics_technology,Crutchfield,Camera Store,18371,4.8,www.crutchfield.com
electronics_technology,SiteGround,Business to Business Service,14756,4.8,www.siteground.com
electronics_technology,Porkbun,Internet Service Provider,8492,4.8,porkbun.com
electronics_technology,LEDSupply,Electronic Spare Parts and Components Store,8003,4.8,ledsupply.com
electronics_technology,"Performance PC's, Inc.",Computer Accessories Store,7148,4.8,www.performance-pcs.com
electronics_technology,Anyword,Software Vendor,5541,4.8,anyword.com
electronics_technology,Mychoicesoftware,Computer Accessories Store,4680,4.8,mychoicesoftware.com
electronics_technology,Jungle Scout,Computer Accessories Store,3692,4.8,junglescout.com
electronics_technology,Newair,Appliance Store,3404,4.8,newair.com
electronics_technology,Pawn America,Gaming service Provider,3388,4.8,www.pawnamerica.com
electronics_technology,Buzzsprout,Software Company,3152,4.8,buzzsprout.com
electronics_technology,The Neat Company,Business to Business Service,2357,4.8,neat.com
electronics_technology,GEEK STUDIO INC,Technical Service,2341,4.8,geekstudio.us
electronics_technology,Credit Repair Cloud,Software Company,2216,4.8,creditrepaircloud.com
electronics_technology,SunaRomania,Phone and Internet Service,1781,4.8,sunaromania.com
electronics_technology,HostPapa,Web Hosting Company,1700,4.8,www.hostpapa.com
electronics_technology,DiJiFi,Photo Shop,1424,4.8,dijifi.com
electronics_technology,VoIPstudio,Conference Calling Service,1394,4.8,voipstudio.com
electronics_technology,MusicStoreLive,Musical Instrument Store,1277,4.8,musicstorelive.com
electronics_technology,Total WebShield,VPN Service,1264,4.8,totalwebshield.com
electronics_technology,DocHub,Electronics & Technology,1230,4.8,dochub.com
electronics_technology,SecureDataRecovery.com,Computer Accessories Store,1212,4.8,securedatarecovery.com
electronics_technology,Pitbull Audio,Musical Instrument Store,1166,4.8,www.pitbullaudio.com
electronics_technology,WP Engine,Web Hosting Company,1065,4.8,wpengine.com
electronics_technology,iPower Resale,Computer Store,1003,4.8,ipowerresale.com
electronics_technology,LANshack.com,Telecommunications Service Provider,986,4.8,www.lanshack.com
electronics_technology,Live Proxies,Software Company,777,4.8,liveproxies.io
electronics_technology,Online Notary Center ,Notary Public,703,4.8,onlinenotarycenter.com
electronics_technology,"SimplyNUC, Inc.",Computer Accessories Store,677,4.8,simplynuc.com
electronics_technology,BetterSafeRadio.com,Hobby Store,660,4.8,bettersaferadio.com
electronics_technology,Libsyn Podcast Hosting,Software Company,642,4.8,libsyn.com
electronics_technology,Text-Em-All,Software Company,501,4.8,text-em-all.com
electronics_technology,DigitalKeysBox ,Computer Software Store,466,4.8,digitalkeysbox.com
electronics_technology,Lol-eloboosting,Video Game Store,424,4.8,lol-eloboosting.com
electronics_technology,Serverpartdeals,Hardware Store,421,4.8,serverpartdeals.com
electronics_technology,MediaXpress,Electronics Store,382,4.8,www.mediaxpress.net
electronics_technology,Buy Fire Alarm Parts,Electronic Parts Supplier,382,4.8,buyfirealarmparts.com
electronics_technology,Trusted Tech Team,Computer Accessories Store,312,4.8,trustedtechteam.com
electronics_technology,"DomiDocs, Inc.",Software Company,275,4.8,domidocs.com
electronics_technology,TGModz,Software Company,258,4.8,tgmodz.com
electronics_technology,Selltechs,Electronics & Technology,245,4.8,selltechs.co.uk
electronics_technology,Lumilum,Lighting Store,231,4.8,lumilum.com
electronics_technology,RemotePass,Payment Service,189,4.8,remotepass.com
electronics_technology,Usenetserver,VPN Service,183,4.8,www.usenetserver.com
electronics_technology,TermsFeed,e-Commerce Solution Provider,180,4.8,termsfeed.com
electronics_technology,Future Audio Workshop,Software Company,168,4.8,futureaudioworkshop.com
electronics_technology,"Unitel | UniTel Voice, LLC",Phone and Internet Service,168,4.8,unitelvoice.com
electronics_technology,fitDEGREE,Software Company,153,4.8,www.fitdegree.com
electronics_technology,TH3D Studio LLC,Technical Service,151,4.8,www.th3dstudio.com
electronics_technology,Web Trade-In LLC,Cell Phone Store,147,4.8,webtradein.com
electronics_technology,MarkUp,Software Vendor,138,4.8,markup.io
electronics_technology,Giemmebattery,Electronic Parts Supplier,100,4.8,www.giemmebattery.com
electronics_technology,RestoreCord,Computer Service,96,4.8,restorecord.com
electronics_technology,Deskr | Premium Quality Desk Accessories,Computer Accessories Store,68,4.8,deskr.co
electronics_technology,Throwlights,Audio Visual Equipment Supplier,66,4.8,throwlights.com
electronics_technology,Admiral Lake and Pond Restoration,Manufacturer,65,4.8,admirallakeandpondrestoration.com
electronics_technology,SwiftProMining™,Currency Exchange Service,64,4.8,swiftpromining.org
electronics_technology,Oddblox Minecraft Hosting,Web Hosting Company,64,4.8,oddblox.net
electronics_technology,Primelicense,Software Vendor,63,4.8,primelicense.com
electronics_technology,Topcalcs,Electronics Company,61,4.8,topcalcs.com
electronics_technology,"Bangert, Inc.",Accounting Software Company,54,4.8,bangertinc.com
electronics_technology,Retire-IT,Business to Business Service,53,4.8,retire-it.com
electronics_technology,EzyCourse,Software Company,49,4.8,ezycourse.com
electronics_technology,Plainly Legal™,Software Company,49,4.8,plainlylegal.com
electronics_technology,TotalAV,Computer Software Store,100627,4.7,totalav.com
electronics_technology,Nebraska Furniture Mart,Electronics Store,97837,4.7,nfm.com
electronics_technology,GoDaddy,DNS Provider,88922,4.7,www.godaddy.com
electronics_technology,Other World Computing,Electrical Wholesaler,32473,4.7,www.macsales.com
electronics_technology,Notarize,Notary Public,20426,4.7,notarize.com
electronics_technology,1Password - Password Manager,Computer Security Service,11198,4.7,1password.com
electronics_technology,DreamHost,Cloud Storage Service,5352,4.7,www.dreamhost.com
electronics_technology,World Wide Stereo,Car Security System Installer,4251,4.7,worldwidestereo.com
electronics_technology,Primera Technology,Printing Equipment Supplier,3651,4.7,primera.com
electronics_technology,CB World,Electronics Store,3244,4.7,wearecb.com
electronics_technology,UnlockBoot,Cell Phone Store,3235,4.7,unlockboot.com
electronics_technology,MEATER,Electronics & Technology,3187,4.7,meater.com
electronics_technology,PayTomorrow,Electronics & Technology,3159,4.7,paytomorrow.com
electronics_technology,Projector People,TV store,3063,4.7,www.projectorpeople.com
electronics_technology,Maya Mobile,Travel Aggregator,2833,4.7,maya.net
electronics_technology,FOREVER,Cloud Storage Service,2151,4.7,forever.com
electronics_technology,Recycled Software,Computer Software Store,2124,4.7,recycled-software.com
electronics_technology,Textedly,Online Marketing Agency,2090,4.7,textedly.com
electronics_technology,Moment,Cell Phone Accessory Store,2042,4.7,shopmoment.com
electronics_technology,Klymen,Electronics & Technology,1980,4.7,klymen.com
electronics_technology,Computer Discounts,Used Computer Store,1974,4.7,computerdiscounts.co.uk
electronics_technology,GlocalMe,Wi-Fi Spot,1845,4.7,glocalme.com
electronics_technology,Players Choice Videogames,Video Game Store,1761,4.7,www.playerschoicevideogames.com
electronics_technology,Newshosting,Internet Service Provider,1708,4.7,www.newshosting.com
electronics_technology,Mr. Supply,Electronics Store,1617,4.7,mrsupply.com
electronics_technology,MRI Software,Software Vendor,1606,4.7,www.mrisoftware.com
electronics_technology,Sparked Host,Gaming service Provider,1571,4.7,sparkedhost.com
electronics_technology,NameHero,DNS Provider,1355,4.7,namehero.com
electronics_technology,Passion.io,Software Company,1282,4.7,passion.io
electronics_technology,Tonerprice.com,Office Supply Wholesaler,1248,4.7,tonerprice.com
electronics_technology,LlamaRepublicaDominicana.com,Telecommunications Service Provider,1077,4.7,llamarepublicadominicana.com
electronics_technology,ZeroBounce,e-Commerce Solution Provider,1059,4.7,www.zerobounce.net
electronics_technology,Repair Parts Inc By Air Filter Factory,Appliance Parts Supplier,926,4.7,repairpartsinc.com
electronics_technology,TechPayout,Cell Phone Recycling and Unlocking Service,863,4.7,techpayout.com
electronics_technology,OrangeHost,Email Service Provider,816,4.7,orangehost.com
electronics_technology,vidIQ,Class,810,4.7,vidiq.com
electronics_technology,Theunitysoft,Computer Accessories Store,770,4.7,theunitysoft.com
electronics_technology,Solentro - print your own photo book or poster,Childrens Book Store,707,4.7,www.solentro.com
electronics_technology,FocusMe,Software Company,668,4.7,focusme.com
electronics_technology,Lively,Alternative Financial Service,656,4.7,livelyme.com
electronics_technology,Seedtime,Gardener,620,4.7,seedtime.us
electronics_technology,SuperLogics,Computer Hardware Manufacturer,606,4.7,www.superlogics.com
electronics_technology,Recovery Kings,Video Game Store,525,4.7,recoverykings.net
electronics_technology,Winhost,Web Hosting Company,493,4.7,winhost.com
electronics_technology,Power Diary,Software Company,374,4.7,powerdiary.com
electronics_technology,Laptop Battery Shop,Battery Wholesaler,334,4.7,laptop-battery-shop.com
electronics_technology,SoftwarePin,Software Company,315,4.7,softwarepin.com
electronics_technology,Namtuk,Software Company,313,4.7,automatic-email-manager.com
electronics_technology,Zeldacards,Electronics Store,290,4.7,www.zeldacards.com
electronics_technology,MMarine Online Inc,RV Supply Store,283,4.7,mmarineonline.com
electronics_technology,PhotoWhoa.com,Wedding Photographer,240,4.7,photowhoa.com
electronics_technology,"DirectDeals, LLC",Computer Accessories Store,238,4.7,directdeals.com
electronics_technology,jawa.gg,Online Marketplace,233,4.7,jawa.gg
electronics_technology,gamertech.shop,Computer Store,209,4.7,gamertech.shop
electronics_technology,TelephoneGhana.com,Telecommunications Service Provider,208,4.7,telephoneghana.com
electronics_technology,progeCAD,Computer Accessories Store,159,4.7,www.progecad.us
electronics_technology,EasyWP,Business to Business Service,158,4.7,easywp.com
electronics_technology,RIP Speakers,Software Company,147,4.7,ripspeakers.com
electronics_technology,Dachman Audio,Musical Instrument Store,122,4.7,dachmanaudio.com
electronics_technology,Altair Technology LLC,Cryptocurrency Service,120,4.7,altairtech.io
electronics_technology,Hosturly,DNS Provider,119,4.7,hosturly.com
electronics_technology,Posh Virtual Receptionists,Business to Business Service,97,4.7,posh.com
electronics_technology,Maclocks.com,Display Stand Manufacturer,90,4.7,maclocks.com
electronics_technology,Pronounce,English Language Instructor,80,4.7,getpronounce.com
electronics_technology,Mark's Appliance,Appliance Repair Service,60,4.7,marksappliance.com
electronics_technology,Webhostpython,Business to Business Service,52,4.7,www.webhostpython.com
electronics_technology,Padlet,Software Company,51,4.7,padlet.com
electronics_technology,Web Design Marvel,Graphic Designer,50,4.7,webdesignmarvel.com
electronics_technology,NumLooker,Computer Service,42,4.7,numlooker.com
electronics_technology,BypassGPT,Software Company,41,4.7,bypassgpt.ai
electronics_technology,Join It,Software Company,36,4.7,joinit.com
electronics_technology,El Rey Del Software,Software Vendor,36,4.7,elreydelsoftware.com
electronics_technology,emailseller.net,Internet Marketing Service,34,4.7,emailseller.net
electronics_technology,Buy Boat Fridges,Marine Supply Store,25,4.7,buyboatfridges.com
electronics_technology,Rentcars,Search Engine Company,111532,4.6,rentcars.com
electronics_technology,doctorSIM,Internet Shop,23624,4.6,doctorsim.com
electronics_technology,Hostinger,Business to Business Service,23120,4.6,hostinger.com
electronics_technology,wix.com,e-Commerce Solution Provider,13747,4.6,www.wix.com
electronics_technology,pdfFiller,Software Vendor,12552,4.6,pdffiller.com
electronics_technology,Tello.com,Internet Service Provider,10438,4.6,tello.com
electronics_technology,Fulton Fish Market,Internet Shop,8976,4.6,fultonfishmarket.com
electronics_technology,Webador,Web Hosting Company,8792,4.6,webador.com
electronics_technology,BisectHosting,Web Hosting Company,8309,4.6,bisecthosting.com
electronics_technology,Fonoma,Mobile Network Operator,8037,4.6,fonoma.com
electronics_technology,ECigMafia,e-Commerce Service,7451,4.6,ecigmafia.com
electronics_technology,Office Timeline,Software Company,5443,4.6,www.officetimeline.com
electronics_technology,Patriot Mobile,Mobile Network Operator,4862,4.6,patriotmobile.com
electronics_technology,W. A. Production,Musical Instrument Store,4795,4.6,waproduction.com
electronics_technology,Strobesnmore.com,Electronics Store,4414,4.6,strobesnmore.com
electronics_technology,Vaultek Safe,Electronics Store,4193,4.6,vaulteksafe.com
electronics_technology,Abes of Maine,Photo Shop,3729,4.6,www.abesofmaine.com
electronics_technology,Buyback Boss,Cell Phone Store,3401,4.6,buybackboss.com
electronics_technology,iTrustCapital,Software Company,2825,4.6,itrustcapital.com
electronics_technology,WireCare.com,Electronic Parts Supplier,2759,4.6,wirecare.com
electronics_technology,Nextiva,Telecommunications Service Provider,2589,4.6,nextiva.com
electronics_technology,StrongVPN,Internet Service Provider,2457,4.6,www.strongvpn.com
electronics_technology,ctsounds.com,Electronics Company,2451,4.6,ctsounds.com
electronics_technology,HablaMexico.com,Mobile Network Operator,1995,4.6,hablamexico.com
electronics_technology,NavePoint,Computer Networking Center,1964,4.6,navepoint.com
electronics_technology,YNAB,Software Company,1439,4.6,ynab.com
electronics_technology,Air Oasis,Household Goods Wholesaler,1389,4.6,www.airoasis.com
electronics_technology,TawagPinas.com,Telecommunications Service Provider,1285,4.6,tawagpinas.com
electronics_technology,TelephoneJamaica.com,Internet Service Provider,1230,4.6,telephonejamaica.com
electronics_technology,fields-data-recovery.com,Data Recovery Service,1164,4.6,fields-data-recovery.com
electronics_technology,RocketNode Hosting,Web Hosting Company,1163,4.6,rocketnode.com
electronics_technology,Coilcraft,Electronics Store,1102,4.6,coilcraft.com
electronics_technology,Two Way Radio Gear,Electronics Store,1093,4.6,twowayradiogear.com
electronics_technology,Easynews,Internet Service Provider,1091,4.6,www.easynews.com
electronics_technology,Tithe.ly Church Giving & Engagement Platform,Software Company,1064,4.6,tithe.ly
electronics_technology,OfficeSuite,Software Company,1003,4.6,officesuite.com
electronics_technology,Clxgaming,Computer Hardware Manufacturer,920,4.6,clxgaming.com
electronics_technology,MedBridge,Physical Therapist,781,4.6,medbridge.com
electronics_technology,Nexcess,Web Hosting Company,734,4.6,nexcess.net
electronics_technology,SellGPU,Electrical Wholesaler,732,4.6,www.sellgpu.com
electronics_technology,SSLs.com,Computer Security Service,731,4.6,ssls.com
electronics_technology,Tech For Less,Drives and Storage Service,566,4.6,www.techforless.com
electronics_technology,Skip,Electronics & Technology,458,4.6,helloskip.com
electronics_technology,Tech Armor,Cell Phone Accessory Store,439,4.6,techarmor.com
electronics_technology,Raion Group,Battery Store,434,4.6,raiongroup.com
electronics_technology,MelonCube,Gaming service Provider,368,4.6,meloncube.net
electronics_technology,Safeyangstore,Internet Shop,356,4.6,safeyangstore.com
electronics_technology,SimpleTexting,Cloud Computing Service,266,4.6,simpletexting.com
electronics_technology,Pingo.com,Telecommunications Service Provider,204,4.6,pingo.com
electronics_technology,REISift - Real Estate Sales and Marketing CRM,Business to Business Service,187,4.6,reisift.io
electronics_technology,Merchandise Mecca,Electronics & Technology,185,4.6,merchandisemecca.com
electronics_technology,Textline,Business to Business Service,154,4.6,textline.com
electronics_technology,Infinite Objects,Display Home Centre,126,4.6,infiniteobjects.com
electronics_technology,MileIQ,Electronics & Technology,116,4.6,mileiq.com
electronics_technology,Fizz,Software Company,111,4.6,joinfizz.com
electronics_technology,Rome Tech Cases,Cell Phone Accessory Store,102,4.6,rometechcases.com
electronics_technology,AnswerFirst,Business to Business Service,96,4.6,answerfirst.com
electronics_technology,GoodLeaf Hosting & Development LLC,Web Hosting Company,89,4.6,goodleafdev.com
electronics_technology,KeyAuth,Security Service,88,4.6,keyauth.com
electronics_technology,Divine,Software Vendor,75,4.6,divinemods.com
electronics_technology,Ultra Supply Co.,Computer Accessories Store,71,4.6,ultrasupplyco.com
electronics_technology,Heatbit inc.,Electronics Company,68,4.6,heatbit.com
electronics_technology,EndlessMining™,Cryptocurrency Service,59,4.6,endlessmining.com
electronics_technology,Foxinthebox,Computer Store,43,4.6,foxinthebox.co.uk
electronics_technology,GoFormz,Cloud Computing Service,43,4.6,goformz.com
electronics_technology,BatteryStuff.com,Battery Store,40,4.6,batterystuff.com
electronics_technology,"PlasmaNodes, Hosting",Cloud Computing Service,36,4.6,plasmanodes.com
electronics_technology,Undetectableai,Software Company,35,4.6,undetectableai.ai
electronics_technology,Originalkeystore,Software Company,30,4.6,originalkeystore.com
electronics_technology,HoboHost,Web Hosting Company,27,4.6,hobohost.com
electronics_technology,SIRUI,Camera Store,27,4.6,store.sirui.com
electronics_technology,Asurion,Television Repair Service,102114,4.5,www.asurion.com
electronics_technology,IONOS | ionos.com,Email Service Provider,19386,4.5,ionos.com
electronics_technology,FactoryOutletStore.com Reviews | Factory Outlet Store,Bed Shop,19091,4.5,www.factoryoutletstore.com
electronics_technology,Wisecars,Travel Agency,14095,4.5,www.wisecars.com
electronics_technology,Battdepot,Battery Store,12642,4.5,www.battdepot.com
electronics_technology,PC Sales Online,Software Company,10045,4.5,pcsalesonline.com
electronics_technology,Plesser's Appliance,Washer and Dryer Store,9983,4.5,plessers.com
electronics_technology,KeepCalling.com,Internet Service Provider,9916,4.5,keepcalling.com
electronics_technology,Gaia,Electronics & Technology,9815,4.5,gaia.com
electronics_technology,MobileRecharge.com,Internet Service Provider,8884,4.5,mobilerecharge.com
electronics_technology,Tailor Brands,Software Company,6252,4.5,tailorbrands.com
electronics_technology,HablaCuba.com,Phone and Internet Service,6208,4.5,hablacuba.com
electronics_technology,Prime Opinion,Internet Marketing Service,6020,4.5,primeopinion.com
electronics_technology,Dashlane,Computer Accessories Store,5661,4.5,www.dashlane.com
electronics_technology,Tenergy Power,Electronics Store,4806,4.5,power.tenergy.com
electronics_technology,PinZoo.com,Telecommunications Service Provider,4587,4.5,pinzoo.com
electronics_technology,QR.io,Software Company,4039,4.5,qr.io
electronics_technology,Sporty's Pilot Shop,Bags and Luggage Store,4005,4.5,sportys.com
electronics_technology,Genuine Replacement Parts,Appliance Parts Supplier,3406,4.5,genuinereplacementparts.com
electronics_technology,Davek Umbrellas,Electronics & Technology,3312,4.5,davekny.com
electronics_technology,Teletrac Navman,Software Company,2887,4.5,teletracnavman.com
electronics_technology,Nomad eSIM,Phone and Internet Service,2820,4.5,www.getnomad.app
electronics_technology,PhoneIndia.com,Telecommunications Service Provider,2682,4.5,phoneindia.com
electronics_technology,Gadget Gone,Cell Phone Recycling and Unlocking Service,2439,4.5,gadgetgone.com
electronics_technology,PC Protect,Software Company,1998,4.5,pcprotect.com
electronics_technology,PDF Extra,Software Vendor,1477,4.5,pdfextra.com
electronics_technology,Cases.com,Cell Phone Accessory Store,1401,4.5,www.cases.com
electronics_technology,RingBritain.com,Telecommunications Service Provider,1393,4.5,ringbritain.com
electronics_technology,"Kickresume - AI Resume builder, AI Cover letter builder",Career Guidance Service,1350,4.5,kickresume.com
electronics_technology,"Venta Air Technologies, Inc.",Home Goods Store,1323,4.5,venta-air.com
electronics_technology,Liquid Web Inc.,Business to Business Service,1195,4.5,liquidweb.com
electronics_technology,Onset Computer Corporation,Electronics Company,1093,4.5,onsetcomp.com
electronics_technology,FlexScreen Retail,Screen Store,1073,4.5,flexscreenretail.com
electronics_technology,Microvisor Hood,Home Goods Store,1034,4.5,microvisorhood.com
electronics_technology,The Inverter Store,Battery Store,1028,4.5,theinverterstore.com
electronics_technology,Popl,Cell Phone Accessory Store,976,4.5,popl.co
electronics_technology,IdentityForce,Software Company,901,4.5,www.identityforce.com
electronics_technology,CzescPolska.com,Telecommunications Service Provider,877,4.5,czescpolska.com
electronics_technology,ClearVPN,VPN Service,850,4.5,clearvpn.com
electronics_technology,Triton Datacom Online,Telecommunications Equipment Supplier,805,4.5,www.tritondatacomonline.com
electronics_technology,LandlordStation,Payment Service,598,4.5,www.landlordstation.com
electronics_technology,Neothek.com,Web Hosting Company,594,4.5,www.neothek.com
electronics_technology,Jounce,Software Company,556,4.5,jounce.ai
electronics_technology,TopUp,Telecommunications Service Provider,543,4.5,topup.com
electronics_technology,Shift (tryshift.com),Software Company,534,4.5,tryshift.com
electronics_technology,CoinTracker,Bookkeeping Service,521,4.5,cointracker.io
electronics_technology,"Schock Logistics, Inc.",Computer Accessories Store,502,4.5,www.goschock.com
electronics_technology,PDFRun.com,Software Company,492,4.5,pdfrun.com
electronics_technology,CharterUP,Software Vendor,458,4.5,charterup.com
electronics_technology,Toro Tech,Electronics & Technology,399,4.5,toroaudio.com
electronics_technology,VPS.NET,Business to Business Service,356,4.5,www.vps.net
electronics_technology,DonorPerfect,Software Vendor,348,4.5,donorperfect.com
electronics_technology,Bitcoin Merch,Computer and Accessories Store,338,4.5,bitcoinmerch.com
electronics_technology,Extreme Meters,Electronics Store,288,4.5,extrememeters.com
electronics_technology,Text Request,Telecommunications Service Provider,267,4.5,www.textrequest.com
electronics_technology,IDShield,Software Company,223,4.5,idshield.com
electronics_technology,ProxyRack,Internet Service Provider,222,4.5,www.proxyrack.com
electronics_technology,Bloomerang,Software Company,197,4.5,www.bloomerang.co
electronics_technology,Maxandfix,Electronics Store,184,4.5,maxandfix.com
electronics_technology,Perixx ,Computer Accessories Store,178,4.5,perixx.com
electronics_technology,"Altrady | Multi Exchange, Smart Trading & Bots",Software Company,173,4.5,altrady.com
electronics_technology,GPS Trackit,Computer Accessories Store,168,4.5,gpstrackit.com
electronics_technology,Blurays For Everyone,Video Store,151,4.5,bluraysforeveryone.com
electronics_technology,PillBanana,Software Company,112,4.5,pillbanana.com
electronics_technology,"Middlehost, Inc.",Business to Business Service,98,4.5,middlehost.com
electronics_technology,CallingCards.com,Telecommunications Service Provider,96,4.5,callingcards.com
electronics_technology,LeaseRunner ,Software Company,90,4.5,leaserunner.com
electronics_technology,InkyDeals,Software Company,84,4.5,www.inkydeals.com
electronics_technology,AYO,Electronics Company,80,4.5,goayo.com
electronics_technology,QR TIGER QR Code Generator,Graphic Designer,59,4.5,www.qrcode-tiger.com
electronics_technology,stape.io,Software Company,51,4.5,stape.io
electronics_technology,Wingspan,Software Company,34,4.5,www.wingspan.app
electronics_technology,KombDev Computer Support,Computer Repair Service,29,4.5,kombdev.com
electronics_technology,123macpc,Computer Support and Service Company,28,4.5,123macpc.com
electronics_technology,DisputeBee,Software Company,27,4.5,disputebee.com
electronics_technology,Topaz Labs,Computer Accessories Store,45700,4.4,www.topazlabs.com
electronics_technology,Surfshark,Software Company,21330,4.4,surfshark.com
electronics_technology,Electronic Express,Computer Store,15398,4.4,electronicexpress.com
electronics_technology,BOSS Revolution,Mobile Network Operator,11174,4.4,bossrevolution.com
electronics_technology,MAGFAST,Electronics Company,7275,4.4,magfast.com
electronics_technology,Phobio,Technical Service,3618,4.4,phobio.com
electronics_technology,EagleSaver.com,Media Company,3105,4.4,www.eaglesaver.com
electronics_technology,Independanceroyale,Electronics & Technology,1829,4.4,www.independanceroyale.com
electronics_technology,Dialpad,Phone and Internet Service,1809,4.4,dialpad.com
electronics_technology,SoftwareDiscountUSA.com,Computer Software Store,1633,4.4,softwarediscountusa.com
electronics_technology,ABC Legal Services,Legal Services,1578,4.4,abclegal.com
electronics_technology,TickTalk,Electronics Company,1490,4.4,myticktalk.com
electronics_technology,CleanFreak.com,Vacuum Cleaner Store,1418,4.4,www.cleanfreak.com
electronics_technology,TollFreeForwarding.com,Telecommunications Service Provider,1369,4.4,tollfreeforwarding.com
electronics_technology,PhotonLight.com,Electrical Appliance Wholesaler,1343,4.4,www.photonlight.com
electronics_technology,ScratchMonkeys.com,Video Game Store,1286,4.4,scratchmonkeys.com
electronics_technology,Alto,Alternative Financial Service,1197,4.4,altoira.com
electronics_technology,MasterWriter,Electronics & Technology,1192,4.4,masterwriter.com
electronics_technology,Twigby,Telecommunications Service Provider,1189,4.4,www.twigby.com
electronics_technology,LlamaColombia.com,Mobile Network Operator,1118,4.4,llamacolombia.com
electronics_technology,Ioffer Movies,Internet Shop,1078,4.4,ioffer-movies.com
electronics_technology,Wellbots,Smart Shop,949,4.4,www.wellbots.com
electronics_technology,issuu,Software Company,924,4.4,www.issuu.com
electronics_technology,Alignable,Business Networking Company,865,4.4,alignable.com
electronics_technology,Bunker,Insurance Broker,809,4.4,buildbunker.com
electronics_technology,PhoneClub.com,Telecommunications Service Provider,752,4.4,phoneclub.com
electronics_technology,Petcube,Pet Store,688,4.4,petcube.com
electronics_technology,OnSIP,Telecommunications Service Provider,688,4.4,onsip.com
electronics_technology,Webshare Proxy,Software Company,539,4.4,webshare.io
electronics_technology,800.com,Audio Transcription Service,522,4.4,800.com
electronics_technology,Connection,Electronics Store,474,4.4,connection.com
electronics_technology,Hubstaff,Software Company,440,4.4,hubstaff.com
electronics_technology,PandaDoc,Software Vendor,438,4.4,pandadoc.com
electronics_technology,Community Phone,Telephone Company,404,4.4,www.communityphone.org
electronics_technology,Cognito Forms,Web Collaboration Platform,399,4.4,cognitoforms.com
electronics_technology,Lasta: Healthy Weight Loss,Software Company,336,4.4,lasta.app
electronics_technology,Restream,Software Company,321,4.4,restream.io
electronics_technology,Centricity,Television Repair Service,301,4.4,centricity.com
electronics_technology,Pollfish Market Research Platform,Software Company,297,4.4,pollfish.com
electronics_technology,Flashback Limited,Computer Accessories Store,291,4.4,flashbackltd.com
electronics_technology,SoftwareCW,Software Company,288,4.4,softwarecw.com
electronics_technology,Tranya,Audio Visual Equipment Rental Service,287,4.4,www.tranya.com
electronics_technology,Direct Brand,Appliance Parts Supplier,270,4.4,direct-brand.com
electronics_technology,MemberPress,e-Commerce Solution Provider,269,4.4,memberpress.com
electronics_technology,Rainproxy,Business and IT Consulting Agency,218,4.4,rainproxy.io
electronics_technology,Viperatech,Cryptocurrency Service,209,4.4,viperatech.com
electronics_technology,Indifferent Broccoli,Web Hosting Company,206,4.4,indifferentbroccoli.com
electronics_technology,fastestkey.com,Software Company,202,4.4,www.fastestkey.com
electronics_technology,Maxprog,Software Company,196,4.4,www.maxprog.com
electronics_technology,SKY by Gramophone,Electronics Store,194,4.4,www.skybygramophone.com
electronics_technology,Voiply,Telephone Company,192,4.4,voiply.com
electronics_technology,Supercraft,Video Game Rental Service,183,4.4,supercraft.host
electronics_technology,Partshnc,Appliance Parts Supplier,110,4.4,partshnc.com
electronics_technology,SIGNiX,Software Company,91,4.4,www.signix.com
electronics_technology,gravastar.com,Electronics Company,76,4.4,gravastar.com
electronics_technology,trutrade.io,Software Company,57,4.4,trutrade.io
electronics_technology,atomicnetworks.co,Web Hosting Company,45,4.4,atomicnetworks.co
electronics_technology,Billigerhost,Cloud Computing Service,43,4.4,billigerhost.com
electronics_technology,SmartphonesPLUS,Electronics Store,43,4.4,www.smartphonesplus.com
electronics_technology,Crowdbotics,Business Development Service,34,4.4,www.crowdbotics.com
electronics_technology,StrikeRDP,Web Hosting Company,34,4.4,strikerdp.com
electronics_technology,shortlistd.io,Software Company,28,4.4,shortlistd.io
electronics_technology,Taskrabbit North America,Software Company,27873,4.3,taskrabbit.com
electronics_technology,Driver Easy,Software Vendor,20398,4.3,www.drivereasy.com
electronics_technology,eTopUpOnline.com,Electronics & Technology,12162,4.3,etopuponline.com
electronics_technology,Cellulardata Ubigi,Internet Provider,7772,4.3,cellulardata.ubigi.com
electronics_technology,RC Willey,Flooring Store,6641,4.3,rcwilley.com
electronics_technology,iStripper,Computer Accessories Store,6493,4.3,www.istripper.com
electronics_technology,iPostal1,Software Company,5918,4.3,ipostal1.com
electronics_technology,DLGAMER,Computer Accessories Store,5171,4.3,www.dlgamer.com
electronics_technology,C2G,Computer and Accessories Store,4721,4.3,www.cablestogo.com
electronics_technology,GUNNAR Optiks,Glasses Store,4678,4.3,gunnar.com
electronics_technology,cellhelmet,Electronics Store,3611,4.3,cellhelmet.com
electronics_technology,TorGuard,VPN Service,3497,4.3,torguard.net
electronics_technology,MoneyDolly,Software Company,2169,4.3,moneydolly.com
electronics_technology,TelephoneNigeria.com,Phone and Internet Service,1141,4.3,telephonenigeria.com
electronics_technology,Heavys Headphones,Electronics Store,884,4.3,www.heavys.com
electronics_technology,dotcards.net,Software Company,616,4.3,dotcards.net
electronics_technology,SalutHaiti.com,Internet Service Provider,582,4.3,saluthaiti.com
electronics_technology,DesignMantic,Business to Business Service,505,4.3,www.designmantic.com
electronics_technology,Roccat,Computer Accessories Store,373,4.3,roccat.com
electronics_technology,BuddyBoss,Web Collaboration Platform,357,4.3,buddyboss.com
electronics_technology,Ninjacators LLC,Software Vendor,285,4.3,ninjacators.com
electronics_technology,dekoniaudio.com,Electronics & Technology,275,4.3,dekoniaudio.com
electronics_technology,Dimension Waste Management,Logistics Service,274,4.3,getdimension.com
electronics_technology,ONKRON,Computer Accessories Store,239,4.3,onkron.us
electronics_technology,TREBLAB,Electronics & Technology,233,4.3,treblab.com
electronics_technology,Fourth Frontier,Electronics Company,204,4.3,fourthfrontier.com
electronics_technology,Electromaker,Electronic Parts Supplier,174,4.3,electromaker.io
electronics_technology,Pixsy,Photo Agency,171,4.3,pixsy.com
electronics_technology,Bestier,Computer Desk Store,170,4.3,bestier.net
electronics_technology,ElevenLabs,Software Company,163,4.3,elevenlabs.io
electronics_technology,Lost Highway Media ,Movie Streaming Service,139,4.3,losthighway-media.com
electronics_technology,Minitab,Software Company,124,4.3,minitab.com
electronics_technology,Qeepsake,Technical Service,115,4.3,qeepsake.com
electronics_technology,8fig - Scale Smarter ,Investment Service,106,4.3,8fig.co
electronics_technology,Tecisoft,Computer Store,78,4.3,tecisoft.com
electronics_technology,Jooki | Music & Stories Player for Kids,Toy Manufacturer,64,4.3,jooki.com
electronics_technology,The Range Hood Store,Appliance Store,58,4.3,therangehoodstore.com
electronics_technology,CyberChimps,Computer Store,56,4.3,cyberchimps.com
electronics_technology,Primevolve,Electronics Store,56,4.3,primevolve.com
electronics_technology,Baselane,Software Company,48,4.3,baselane.com
electronics_technology,Proxies.fo,VPN Service,47,4.3,proxies.fo
electronics_technology,StockX,Electronics Store,122781,4.2,stockx.com
electronics_technology,MoonPay,Software Company,81260,4.2,moonpay.com
electronics_technology,NordVPN,Internet Service Provider,29462,4.2,nordvpn.com
electronics_technology,A4C,Electronics Store,16293,4.2,www.a4c.com
electronics_technology,Total Adblock,Phone and Internet Service,13589,4.2,totaladblock.com
electronics_technology,SITE123,e-Commerce Solution Provider,8430,4.2,site123.com
electronics_technology,IPVanish,Internet Service Provider,8365,4.2,www.ipvanish.com
electronics_technology,Motif Photos,Photo Shop,7969,4.2,motifphotos.com
electronics_technology,Mimeo Photos,Software Company,6998,4.2,mimeophotos.com
electronics_technology,Hello Mobile,Phone and Internet Service,3290,4.2,hellomobile.com
electronics_technology,4K Download,Software Vendor,1462,4.2,4kdownload.com
electronics_technology,DianhuaChina.com,Phone and Internet Service,1235,4.2,dianhuachina.com
electronics_technology,JOBY,Electronics & Technology,1178,4.2,joby.com
electronics_technology,FanShield,Travel Insurance Company,966,4.2,fanshield.com
electronics_technology,JOURNEY OFFICIAL,Computer Accessories Store,916,4.2,journeyofficial.com
electronics_technology,VR WAVE,Computer Accessories Store,915,4.2,vr-wave.store
electronics_technology,ON1,Photographer,892,4.2,www.on1.com
electronics_technology,Resilio - Resilio Sync,Computer Accessories Store,847,4.2,www.resilio.com
electronics_technology,Simply Bits,Internet Service Provider,830,4.2,www.simplybits.com
electronics_technology,Dynadot,Internet Service Provider,829,4.2,dynadot.com
electronics_technology,SIONYX,Camera Store,763,4.2,www.sionyx.com
electronics_technology,Hotspot Shield,Computer Accessories Store,743,4.2,www.hotspotshield.com
electronics_technology,Billo,Software Company,394,4.2,billo.app
electronics_technology,NT Electronics,Computer and Accessories Store,383,4.2,ntelectronic.com
electronics_technology,ai-pro.org,Software Company,373,4.2,ai-pro.org
electronics_technology,Glide,Business to Business Service,368,4.2,www.glideapps.com
electronics_technology,FontBase,Design Agency,342,4.2,fontba.se
electronics_technology,Ultrahost,DNS Provider,232,4.2,ultahost.com
electronics_technology,Best Bike Advice,Software Company,223,4.2,bestbikeadvice.com
electronics_technology,Circleboom,Software Company,187,4.2,circleboom.com
electronics_technology,LlamaHonduras,Telecommunications Service Provider,141,4.2,llamahonduras.com
electronics_technology,WixGear.com,Cell Phone Accessory Store,127,4.2,wizgear.com
electronics_technology,orgkeys.com,Computer Software Store,127,4.2,orgkeys.com
electronics_technology,Typhur,Electronics Company,114,4.2,typhur.com
electronics_technology,Mighty Networks,Software Company,110,4.2,mightynetworks.com
electronics_technology,Salesgenie,Internet Marketing Service,106,4.2,dataaxlegenie.com
electronics_technology,Answering Service Care,Call Center,78,4.2,answeringservicecare.com
electronics_technology,WeCellTrade,Cell Phone Recycling and Unlocking Service,57,4.2,wecelltrade.com
electronics_technology,Podia,Software Vendor,57,4.2,podia.com
electronics_technology,Vagaro,Software Company,56,4.2,vagaro.com
electronics_technology,Clark Audio,Software Company,39,4.2,clarkaudio.com
electronics_technology,Officekeyse,Computer Software Store,36,4.2,officekeyse.com
electronics_technology,HughesNet,Internet Service Provider,81552,4.1,hughesnet.com
electronics_technology,Toluna,Market Researcher,31834,4.1,www.toluna.com
electronics_technology,TruConnect,Internet Provider,21006,4.1,truconnect.com
electronics_technology,StorageTreasures.com,Software Company,16643,4.1,storagetreasures.com
electronics_technology,Assurant,Electronics & Technology,16500,4.1,assurant.com
electronics_technology,Namecheap,Software Company,14356,4.1,www.namecheap.com
electronics_technology,Repairpartsusa,Electronics & Technology,6292,4.1,repairpartsusa.com
electronics_technology,Rev.com,Software Company,6275,4.1,www.rev.com
electronics_technology,CyberPowerPC,Electronics Store,4805,4.1,www.cyberpowerpc.com
electronics_technology,Unity Wireless,Telecommunications Service Provider,3912,4.1,gounitywireless.com
electronics_technology,soundcore by Anker,Electronics Store,2621,4.1,www.soundcore.com
electronics_technology,Mouser Electronics,Electrical Wholesaler,2476,4.1,www.mouser.com
electronics_technology,PrivadoVPN,VPN Service,2345,4.1,privadovpn.com
electronics_technology,BusyKid,Non-Bank Financial Service,1967,4.1,busykid.com
electronics_technology,Resumebuild,Software Company,1765,4.1,resumebuild.com
electronics_technology,Earn Haus,Software Company,1747,4.1,earnhaus.com
electronics_technology,My Passport Photos,Photo Shop,1707,4.1,mypassportphotos.com
electronics_technology,Allconnect.com,Internet Shop,1463,4.1,www.allconnect.com
electronics_technology,InMotion Hosting,Web Hosting Company,1429,4.1,www.inmotionhosting.com
electronics_technology,Rise Broadband,Phone and Internet Service,921,4.1,risebroadband.com
electronics_technology,Sav,Web Hosting Company,841,4.1,www.sav.com
electronics_technology,Dxsabers,Electronics Company,624,4.1,www.dxsabers.com
electronics_technology,Targus,Computer Accessories Store,412,4.1,targus.com
electronics_technology,TextNow,Electronics & Technology,313,4.1,textnow.com
electronics_technology,SIMS 4 USA,Telecommunications Service Provider,296,4.1,sims4usa.com
electronics_technology,Loop Mobile,Used Computer Store,291,4.1,loop-mobile.com
electronics_technology,heyabby.com,Agricultural Service,290,4.1,heyabby.com
electronics_technology,Pcmasters Shop,Software Company,264,4.1,pcmasters-shop.com
electronics_technology,SaveGadget.com LLC,Cell Phone Recycling and Unlocking Service,214,4.1,savegadget.com
electronics_technology,Geoforce,GPS Supplier,208,4.1,geoforce.com
electronics_technology,TherapyAppointment,Software Company,189,4.1,therapyappointment.com
electronics_technology,HomeSafe,Appliance Repair Service,171,4.1,homesafe.com
electronics_technology,Eartune,Hi-fi shop,157,4.1,eartune.com
electronics_technology,BuyBack Engineer,Electronics Store,131,4.1,buybackengineer.com
electronics_technology,Sortly,Electronics & Technology,131,4.1,sortly.com
electronics_technology,Torraslife,Cell Phone Accessory Store,113,4.1,torraslife.com
electronics_technology,UNIXSurplus,Computer and Accessories Store,48,4.1,unixsurplus.com
electronics_technology,FirmRoom Virtual Data Room,Software Company,30,4.1,firmroom.com
electronics_technology,SA Company,Electronics & Technology,60389,4.0,safishing.com
electronics_technology,Crucial.com,Computer Hardware Manufacturer,6814,4.0,www.crucial.com
electronics_technology,Swann Security,Security Equipment Store,6398,4.0,swann.com
electronics_technology,Gazelle,Cell Phone Accessory Store,6357,4.0,www.gazelle.com
electronics_technology,Rangemaster,Appliance Store,5725,4.0,rangemaster.co.uk
electronics_technology,Ticketmaster,Electronics & Technology,1997,4.0,ticketmaster.ca
electronics_technology,Renpho,Fitness Equipment Store,1854,4.0,renpho.com
electronics_technology,Parallels,Software Company,1673,4.0,parallels.com
electronics_technology,Findigs,Software Company,1311,4.0,findigs.com
electronics_technology,Getpconline,Computer Software Store,895,4.0,getpconline.com
electronics_technology,Ucraft,Cloud Computing Service,614,4.0,www.ucraft.com
electronics_technology,Steals.com,Electronics & Technology,280,4.0,steals.com
electronics_technology,Storage Parts Direct,Drives and Storage Service,276,4.0,storagepartsdirect.com
electronics_technology,ADV.,Hi-fi shop,244,4.0,www.adv-sound.com
electronics_technology,EndNote,Software Company,206,4.0,endnote.com
electronics_technology,Hard Disk Direct,Drives and Storage Service,206,4.0,harddiskdirect.com
electronics_technology,Servify,Technical Service,197,4.0,servify.tech
electronics_technology,Spaceship.com,Software Company,186,4.0,spaceship.com
electronics_technology,Gabb,Music Store,160,4.0,gabb.com
electronics_technology,"Tempest Hosting, LLC.",Web Hosting Company,159,4.0,tempest.net
electronics_technology,Linsoul,Home Audio Store,149,4.0,www.linsoul.com
electronics_technology,EZ Texting,Telemarketing Service,106,4.0,eztexting.com
electronics_technology,Facilitron,Software Company,103,4.0,facilitron.com
electronics_technology,SendOwl,Software Company,86,4.0,www.sendowl.com
electronics_technology,PerfectPrime,Smart Shop,71,4.0,perfectprime.com
electronics_technology,racktodoor.com,Electronics Store,69,4.0,racktodoor.com
electronics_technology,Madalyn Auctions,Used Appliance Store,50,4.0,madalyn.pro
electronics_technology,Sugarsweeps,Online Casino or Bookmaker,46,4.0,www.sugarsweeps.com
electronics_technology,Dedicated.com,Internet Provider,40,4.0,dedicated.com
electronics_technology,PDFSimpli,Software Company,71686,3.9,pdfsimpli.com
electronics_technology,eufy by Anker,Vacuum Cleaner Store,8420,3.9,eufylife.com
electronics_technology,PrePass,Software Company,1138,3.9,prepass.com
electronics_technology,Two Way Direct,Electronics Store,999,3.9,twowaydirect.com
electronics_technology,Fonus,Mobile Network Operator,442,3.9,fonusmobile.com
electronics_technology,SENA Cases,Cell Phone Accessory Store,366,3.9,senacases.com
electronics_technology,Atlys,Software Company,358,3.9,atlys.com
electronics_technology,HoneyBook,CRM Provider,270,3.9,honeybook.com
electronics_technology,partsfe.com,Appliance Parts Supplier,152,3.9,partsfe.com
electronics_technology,Bravado,Software Company,117,3.9,bravado.co
electronics_technology,RentRedi,Software Company,104,3.9,rentredi.com
electronics_technology,Shipped,Shipping Service,77,3.9,shippedapp.co
electronics_technology,Passpack,Computer Consultant,63,3.9,www.passpack.com
electronics_technology,Best Plumbing Heating and Cooling LLC,Air Conditioning Repair Service,38,3.9,bestplumbingandhvac.com
electronics_technology,Gravity Forms,Software Company,31,3.9,gravityforms.com
electronics_technology,Redstrikers,Software Company,26,3.9,redstrikers.com
electronics_technology,ZiCASE,Cell Phone Accessory Store,26,3.9,zicase.com
electronics_technology,CASETiFY,Electronics Store,100243,3.8,casetify.com
electronics_technology,Rebtel,Software Company,9390,3.8,www.rebtel.com
electronics_technology,GHOSTEK,Electronics Company,5937,3.8,ghostek.com
electronics_technology,Crucial.com,Computer Hardware Manufacturer,1764,3.8,uk.crucial.com
electronics_technology,Cardo Systems,Outdoor Sports Store,1739,3.8,cardosystems.com
electronics_technology,Helium 10,SEO Service,518,3.8,www.helium10.com
